;movie_code;duration;facenumber_in_poster;country;budget;gross;num_voted_users;num_user_for_reviews;num_critic_for_reviews;movie_facebook_likes;director_facebook_likes;actor_1_facebook_likes;actor_2_facebook_likes;actor_3_facebook_likes;cast_total_facebook_likes;imdb_score;imdb_score_class
3492;3493;143.0;0.0;UK;200000000.0;304360277.0;522048;1498.0;750.0;80000;0.0;883.0;563.0;393.0;2039;7.8;Good
1975;1976;99.0;1.0;USA;25000000.0;11100000.0;92464;331.0;180.0;19000;0.0;400.0;223.0;52.0;896;7.3;Good
3666;3667;105.0;9.0;USA;;531806.0;548;6.0;9.0;277;12.0;25.0;11.0;10.0;72;3.4;Bad
4528;4529;89.0;1.0;USA;1000000.0;;20678;199.0;87.0;0;136.0;844.0;184.0;42.0;1080;6.7;Good
4319;4320;92.0;0.0;Canada;100000.0;;40380;235.0;116.0;0;6.0;253.0;113.0;103.0;762;6.1;Good
4258;4259;137.0;3.0;Germany;2000000.0;11284657.0;259379;407.0;215.0;39000;207.0;380.0;284.0;155.0;927;8.5;Excellent
1355;1356;105.0;0.0;USA;57000000.0;16991902.0;34592;191.0;107.0;0;65.0;628.0;316.0;108.0;1265;6.2;Good
1990;1991;95.0;3.0;USA;25000000.0;5654777.0;4875;26.0;31.0;206;32.0;843.0;593.0;324.0;2165;4.1;Fair
4194;4195;89.0;3.0;USA;2500000.0;3325638.0;52509;84.0;252.0;13000;14.0;902.0;291.0;215.0;1980;7.1;Good
412;413;139.0;2.0;USA;85000000.0;150832203.0;341058;713.0;459.0;49000;168.0;14000.0;5000.0;1000.0;22226;6.7;Good
2270;2271;117.0;1.0;USA;20000000.0;13987482.0;58957;91.0;151.0;0;20.0;11000.0;904.0;783.0;15713;6.0;Fair
4868;4869;58.0;1.0;UK;;;12848;59.0;11.0;10000;;887.0;340.0;250.0;2572;8.5;Excellent
4599;4600;89.0;1.0;USA;1000000.0;;397;6.0;3.0;143;32.0;386.0;261.0;256.0;1647;6.3;Good
492;493;114.0;0.0;USA;80000000.0;32885565.0;53132;101.0;61.0;0;357.0;13000.0;10000.0;366.0;25126;5.8;Fair
244;245;101.0;0.0;USA;125000000.0;190871240.0;167085;491.0;348.0;62000;473.0;833.0;809.0;429.0;2690;5.9;Fair
3684;3685;157.0;0.0;India;;2197331.0;70233;321.0;33.0;0;85.0;397.0;227.0;199.0;1519;8.4;Excellent
3258;3259;144.0;0.0;USA;9600000.0;2483955.0;8369;165.0;52.0;957;0.0;786.0;228.0;195.0;1674;6.7;Good
634;635;125.0;0.0;USA;68000000.0;81257500.0;117739;229.0;280.0;30000;3000.0;14000.0;11000.0;3000.0;30010;6.4;Good
1236;1237;130.0;1.0;UK;30000000.0;51185897.0;69457;271.0;105.0;0;46.0;387.0;244.0;162.0;1233;6.7;Good
109;110;113.0;4.0;USA;155000000.0;104383624.0;106446;227.0;228.0;11000;150.0;531.0;82.0;59.0;764;6.3;Good
1884;1885;122.0;0.0;USA;25000000.0;74273505.0;612060;1518.0;488.0;21000;1000.0;2000.0;939.0;883.0;4738;8.1;Excellent
3597;3598;106.0;1.0;UK;6000000.0;25244700.0;91017;284.0;201.0;0;0.0;742.0;602.0;381.0;2270;7.2;Good
2062;2063;101.0;0.0;USA;23000000.0;12189514.0;30092;129.0;65.0;0;3.0;448.0;143.0;120.0;829;6.1;Good
2112;2113;104.0;0.0;USA;22000000.0;5974653.0;2253;111.0;18.0;158;53.0;2000.0;595.0;576.0;4221;4.1;Fair
1779;1780;117.0;4.0;USA;21000000.0;28563179.0;72693;199.0;222.0;0;115.0;3000.0;327.0;97.0;3681;6.9;Good
1548;1549;107.0;5.0;USA;20000000.0;57744720.0;46961;132.0;119.0;0;34.0;23000.0;4000.0;1000.0;31529;6.2;Good
1366;1367;112.0;0.0;USA;38000000.0;34912982.0;55617;266.0;194.0;14000;5.0;17000.0;1000.0;724.0;19974;5.2;Fair
4361;4362;96.0;4.0;USA;1800000.0;;22764;91.0;62.0;511;88.0;595.0;356.0;196.0;1432;5.5;Fair
4377;4378;112.0;0.0;USA;1750000.0;;28;1.0;1.0;73;0.0;86.0;42.0;11.0;139;6.3;Good
1458;1459;111.0;1.0;UK;20000000.0;;38017;247.0;100.0;12000;24.0;591.0;488.0;455.0;2603;6.4;Good
98;99;182.0;;USA;180000000.0;303001229.0;637246;1367.0;645.0;166000;0.0;5000.0;972.0;773.0;9152;7.9;Good
2134;2135;96.0;0.0;USA;17000000.0;42660000.0;25086;87.0;60.0;1000;8.0;533.0;219.0;199.0;1254;4.8;Fair
512;513;136.0;1.0;USA;100000000.0;67286731.0;67856;345.0;140.0;0;394.0;24000.0;10000.0;1000.0;36925;6.7;Good
821;822;103.0;2.0;USA;58000000.0;29580087.0;29523;121.0;133.0;0;30.0;963.0;935.0;727.0;3150;4.7;Fair
1841;1842;22.0;5.0;USA;;;133415;151.0;79.0;0;;813.0;547.0;424.0;1784;8.8;Excellent
4204;4205;106.0;2.0;UK;14000000.0;115504.0;4820;26.0;22.0;0;8.0;611.0;397.0;315.0;1739;6.2;Good
3693;3694;103.0;2.0;USA;5100000.0;;21049;249.0;41.0;0;82.0;208.0;191.0;32.0;454;7.3;Good
4255;4256;152.0;0.0;UK;2000000.0;;67825;207.0;103.0;0;0.0;618.0;367.0;177.0;1404;7.7;Good
1633;1634;131.0;2.0;UK;30000000.0;50300000.0;68565;300.0;108.0;0;46.0;1000.0;439.0;433.0;2943;6.3;Good
3404;3405;92.0;2.0;UK;8000000.0;1071240.0;3571;34.0;90.0;429;14.0;14000.0;1000.0;291.0;15848;6.9;Good
3048;3049;89.0;0.0;USA;11000000.0;13903262.0;14656;90.0;37.0;0;2.0;799.0;711.0;651.0;4291;6.3;Good
4170;4171;140.0;1.0;UK;2600000.0;3130592.0;10755;69.0;29.0;963;133.0;443.0;249.0;239.0;1269;7.8;Good
989;990;119.0;0.0;USA;50000000.0;39778599.0;176169;548.0;118.0;0;0.0;29000.0;414.0;39.0;29461;6.6;Good
2434;2435;122.0;0.0;UK;30000000.0;17750583.0;93548;307.0;412.0;23000;0.0;14000.0;13000.0;816.0;28933;7.2;Good
1327;1328;98.0;0.0;USA;23000000.0;50693162.0;136580;545.0;118.0;15000;295.0;720.0;581.0;380.0;2630;7.6;Good
838;839;84.0;1.0;USA;55000000.0;141600000.0;119675;216.0;92.0;0;12.0;23000.0;2000.0;752.0;26754;6.6;Good
3348;3349;127.0;1.0;Ireland;;1829142.0;36846;222.0;169.0;0;644.0;97.0;8.0;6.0;128;7.5;Good
152;153;115.0;1.0;USA;150000000.0;82161969.0;142440;505.0;287.0;3000;0.0;18000.0;12000.0;964.0;31523;6.3;Good
2316;2317;114.0;0.0;Canada;20000000.0;;6904;102.0;25.0;971;329.0;1000.0;912.0;544.0;3493;6.5;Good
414;415;104.0;1.0;USA;85000000.0;47592825.0;82731;255.0;151.0;0;532.0;12000.0;3000.0;557.0;16930;6.7;Good
40;41;106.0;0.0;USA;200000000.0;191450875.0;101178;283.0;304.0;10000;487.0;1000.0;919.0;776.0;4482;6.3;Good
302;303;111.0;4.0;USA;150000000.0;34964818.0;39956;186.0;256.0;24000;456.0;20000.0;548.0;394.0;21393;5.8;Fair
2174;2175;118.0;0.0;USA;20000000.0;56398162.0;28649;185.0;64.0;2000;30.0;962.0;593.0;284.0;2390;5.7;Fair
1269;1270;107.0;0.0;USA;40000000.0;30993544.0;58871;156.0;212.0;0;50.0;293.0;117.0;58.0;621;6.5;Good
1429;1430;134.0;2.0;USA;35000000.0;67523385.0;104005;248.0;285.0;18000;0.0;529.0;130.0;120.0;1050;6.2;Good
4464;4465;83.0;0.0;Canada;1500000.0;1521.0;1231;10.0;56.0;932;5.0;413.0;197.0;98.0;843;5.7;Fair
2482;2483;93.0;4.0;USA;18000000.0;;13133;101.0;46.0;0;32.0;13000.0;1000.0;1000.0;16735;4.6;Fair
359;360;94.0;0.0;USA;92000000.0;125305545.0;145350;643.0;181.0;0;368.0;13000.0;1000.0;466.0;15419;5.5;Fair
1469;1470;76.0;0.0;UK;35000000.0;19447478.0;15788;80.0;93.0;538;2.0;1000.0;766.0;72.0;1908;5.6;Fair
425;426;109.0;1.0;USA;65000000.0;123307945.0;39391;171.0;94.0;374;88.0;611.0;592.0;571.0;2818;4.3;Fair
1346;1347;88.0;0.0;China;40000000.0;;2169;18.0;4.0;0;0.0;76.0;47.0;46.0;196;6.4;Good
4591;4592;112.0;3.0;USA;1000000.0;96734.0;606;5.0;2.0;706;74.0;260000.0;984.0;891.0;263584;5.6;Fair
3787;3788;97.0;3.0;USA;5000000.0;326308.0;6632;69.0;37.0;225;18000.0;10000.0;1000.0;977.0;13718;6.1;Good
4944;4945;62.0;1.0;United Arab Emirates;125000.0;;18;;;54;58.0;;;;0;8.2;Excellent
1726;1727;93.0;0.0;Germany;;;4599;44.0;36.0;885;7.0;1000.0;898.0;480.0;3095;4.9;Fair
870;871;102.0;4.0;USA;68000000.0;34350553.0;104066;207.0;265.0;15000;82.0;622.0;591.0;537.0;2488;5.7;Fair
2160;2161;131.0;0.0;USA;20000000.0;102922376.0;51314;265.0;75.0;0;82.0;813.0;366.0;85.0;1520;5.7;Fair
210;211;132.0;3.0;USA;125000000.0;209805005.0;284792;366.0;342.0;54000;681.0;23000.0;14000.0;12000.0;55345;7.3;Good
565;566;134.0;3.0;USA;75000000.0;36976367.0;81611;274.0;108.0;0;272.0;548.0;270.0;215.0;1044;6.0;Fair
3677;3678;92.0;0.0;Canada;5000000.0;6239558.0;5548;67.0;67.0;352;9.0;636.0;210.0;71.0;1033;6.7;Good
2388;2389;118.0;0.0;USA;18500000.0;10562387.0;213226;648.0;156.0;15000;0.0;40000.0;693.0;551.0;43105;7.7;Good
1655;1656;101.0;1.0;USA;27000000.0;38122105.0;112669;226.0;120.0;0;343.0;581.0;571.0;384.0;2373;6.6;Good
1512;1513;139.0;3.0;USA;30000000.0;32000000.0;36267;150.0;56.0;0;17000.0;554.0;382.0;94.0;1068;7.2;Good
581;582;93.0;1.0;USA;150000000.0;436471036.0;314630;483.0;205.0;0;80.0;692.0;309.0;48.0;1148;7.2;Good
1108;1109;94.0;1.0;USA;25000000.0;32003620.0;79141;355.0;127.0;2000;160.0;550.0;216.0;167.0;1102;6.5;Good
1476;1477;125.0;2.0;UK;35000000.0;18306166.0;28130;215.0;105.0;0;159.0;3000.0;61.0;39.0;3142;6.5;Good
1105;1106;111.0;1.0;USA;45000000.0;46815748.0;32544;69.0;42.0;0;161.0;11000.0;894.0;132.0;12161;6.3;Good
3146;3147;84.0;1.0;USA;12600000.0;15417771.0;87494;540.0;191.0;0;36.0;2000.0;683.0;648.0;3416;6.1;Good
1710;1711;88.0;3.0;USA;30000000.0;19316646.0;52069;95.0;184.0;0;65.0;3000.0;697.0;681.0;5706;5.6;Fair
140;141;124.0;0.0;USA;150000000.0;133382309.0;256695;871.0;310.0;0;14000.0;22000.0;10000.0;979.0;34817;6.9;Good
3593;3594;94.0;0.0;Germany;6000000.0;21005329.0;89128;258.0;96.0;0;12.0;16000.0;876.0;583.0;19341;6.4;Good
1708;1709;134.0;2.0;Canada;;7501404.0;21086;87.0;193.0;0;12.0;891.0;460.0;329.0;1873;7.3;Good
4766;4767;90.0;0.0;USA;;;22;;;337;0.0;970.0;812.0;569.0;3359;7.5;Good
370;371;113.0;0.0;USA;90000000.0;100018837.0;156348;380.0;198.0;0;221.0;11000.0;600.0;503.0;13446;5.5;Fair
3655;3656;90.0;0.0;USA;6000000.0;;6741;11.0;13.0;0;139.0;2000.0;2000.0;1000.0;6569;6.5;Good
177;178;117.0;0.0;UK;140000000.0;52792307.0;12572;106.0;252.0;27000;14000.0;535.0;400.0;358.0;1950;6.8;Good
2260;2261;84.0;0.0;USA;20000000.0;15712072.0;13210;138.0;77.0;269;2.0;787.0;555.0;472.0;2915;5.8;Fair
2471;2472;90.0;1.0;Canada;11000000.0;;4693;49.0;45.0;0;78.0;2000.0;1000.0;720.0;4142;6.3;Good
4905;4906;90.0;0.0;USA;200000.0;;2413;112.0;60.0;198;25.0;169.0;25.0;10.0;206;5.1;Fair
4394;4395;90.0;0.0;Israel;1500000.0;155972.0;4702;23.0;51.0;0;21.0;53.0;30.0;27.0;137;7.3;Good
4492;4493;110.0;3.0;Germany;27000000.0;22494487.0;262160;507.0;202.0;10000;118.0;13000.0;11000.0;1000.0;26451;7.8;Good
1823;1824;89.0;5.0;USA;27000000.0;38536376.0;15866;83.0;76.0;0;0.0;2000.0;734.0;640.0;4311;3.6;Bad
3266;3267;197.0;0.0;USA;9400000.0;46300000.0;29323;344.0;61.0;0;176.0;924.0;898.0;760.0;4109;7.6;Good
1192;1193;94.0;15.0;USA;40000000.0;138614544.0;75152;288.0;104.0;0;189.0;3000.0;2000.0;597.0;7014;5.8;Fair
2217;2218;113.0;3.0;USA;20000000.0;31146570.0;55441;165.0;258.0;0;108.0;1000.0;100.0;22.0;1136;6.9;Good
2340;2341;100.0;3.0;USA;22000000.0;121972.0;9868;81.0;42.0;217;3.0;14000.0;506.0;442.0;15612;5.5;Fair
2423;2424;103.0;1.0;USA;18000000.0;26400000.0;62009;109.0;77.0;2000;130.0;691.0;476.0;406.0;2481;5.8;Fair
603;604;146.0;1.0;USA;66000000.0;79883359.0;116159;488.0;388.0;28000;14000.0;25000.0;19000.0;979.0;46726;7.2;Good
3485;3486;46.0;0.0;USA;;18642318.0;1723;13.0;14.0;407;0.0;13000.0;366.0;69.0;13448;7.5;Good
3536;3537;88.0;0.0;USA;7000000.0;;8589;70.0;112.0;0;0.0;1000.0;844.0;507.0;3150;4.8;Fair
4144;4145;136.0;2.0;USA;2900000.0;;4313;40.0;21.0;612;964.0;931.0;416.0;248.0;2167;7.3;Good
2472;2473;89.0;1.0;Netherlands;17900000.0;;30215;95.0;59.0;0;130.0;444.0;312.0;183.0;1243;5.0;Fair
3753;3754;99.0;1.0;USA;8000000.0;10572742.0;2326;21.0;45.0;738;1000.0;849.0;578.0;409.0;2269;6.1;Good
1407;1408;109.0;0.0;USA;35000000.0;124732962.0;286178;631.0;208.0;0;64.0;11000.0;11000.0;505.0;23923;6.8;Good
3911;3912;120.0;2.0;USA;4000000.0;;12981;121.0;70.0;0;1000.0;862.0;403.0;268.0;1652;7.4;Good
1053;1054;123.0;1.0;USA;48000000.0;37339525.0;71708;307.0;158.0;0;0.0;3000.0;745.0;23.0;3768;7.0;Good
3692;3693;129.0;2.0;Norway;5500000.0;;2894;14.0;88.0;0;440.0;631.0;0.0;0.0;631;5.6;Fair
2731;2732;100.0;0.0;Cambodia;;;1933;13.0;17.0;708;5.0;192.0;134.0;46.0;527;5.6;Fair
4693;4694;201.0;0.0;New Zealand;207000000.0;218051260.0;316027;2618.0;446.0;0;0.0;6000.0;918.0;84.0;7122;7.2;Good
4857;4858;100.0;2.0;USA;250000.0;902835.0;1489;40.0;9.0;133;0.0;250.0;89.0;51.0;454;6.7;Good
3112;3113;80.0;0.0;USA;10000000.0;33583175.0;104089;319.0;273.0;16000;66.0;2000.0;904.0;816.0;5628;6.3;Good
2120;2121;104.0;3.0;USA;22000000.0;20668843.0;16831;54.0;98.0;687;144.0;939.0;875.0;290.0;2453;5.8;Fair
4904;4905;106.0;0.0;USA;30000000.0;32154410.0;148334;274.0;450.0;29000;0.0;17000.0;681.0;273.0;18469;7.1;Good
2231;2232;119.0;1.0;Australia;20000000.0;21413105.0;15230;97.0;20.0;0;23.0;25000.0;19000.0;748.0;45841;6.8;Good
2299;2300;148.0;0.0;USA;20000000.0;8093318.0;61935;242.0;401.0;18000;0.0;204.0;178.0;175.0;707;6.7;Good
94;95;121.0;3.0;USA;170000000.0;333130696.0;682155;1097.0;653.0;96000;571.0;14000.0;14000.0;3000.0;32438;8.1;Excellent
1493;1494;103.0;1.0;USA;35000000.0;7948159.0;48999;280.0;151.0;0;189.0;3000.0;967.0;766.0;6563;6.0;Fair
215;216;135.0;0.0;USA;125000000.0;113165635.0;229823;504.0;436.0;31000;209.0;10000.0;826.0;602.0;12175;6.7;Good
3819;3820;99.0;3.0;Germany;4000000.0;274385.0;29203;26.0;115.0;0;766.0;595.0;486.0;269.0;1519;7.3;Good
4305;4306;100.0;4.0;USA;;;508;18.0;5.0;61;84.0;584.0;356.0;267.0;1307;5.4;Fair
1720;1721;87.0;4.0;USA;21000000.0;480314.0;38503;180.0;110.0;0;23.0;826.0;816.0;748.0;4473;4.8;Fair
589;590;101.0;0.0;USA;100000000.0;72660029.0;115687;269.0;245.0;21000;420.0;12000.0;3000.0;467.0;16235;6.0;Fair
190;191;90.0;0.0;USA;130000000.0;149234747.0;114287;137.0;246.0;16000;50.0;4000.0;442.0;397.0;5046;6.7;Good
2170;2171;115.0;0.0;USA;20000000.0;82624961.0;205284;439.0;549.0;22000;729.0;8000.0;727.0;552.0;9578;7.3;Good
3504;3505;93.0;0.0;USA;7000000.0;5694308.0;13815;46.0;25.0;446;70.0;692.0;585.0;442.0;3128;2.0;Bad
411;412;83.0;1.0;USA;85000000.0;84303558.0;65270;100.0;107.0;863;28.0;4000.0;650.0;624.0;6081;6.2;Good
3916;3917;86.0;2.0;USA;4000000.0;17314483.0;14621;48.0;69.0;0;89.0;986.0;713.0;511.0;4073;4.7;Fair
3270;3271;104.0;3.0;UK;6000000.0;2600000.0;11612;88.0;56.0;0;12.0;21000.0;1000.0;1000.0;23962;7.5;Good
1421;1422;132.0;1.0;USA;35000000.0;56876365.0;125219;244.0;83.0;0;130.0;29000.0;130.0;80.0;29265;6.4;Good
4491;4492;99.0;0.0;USA;1200000.0;;24891;150.0;73.0;0;13000.0;282.0;255.0;232.0;1041;7.2;Good
3009;3010;94.0;0.0;USA;135000000.0;177343675.0;70133;214.0;165.0;26000;12.0;17000.0;523.0;183.0;17883;6.7;Good
4813;4814;89.0;0.0;France;6000000.0;12843.0;27297;131.0;279.0;0;33.0;470.0;378.0;118.0;1233;6.1;Good
1403;1404;43.0;2.0;USA;;;2185;30.0;5.0;0;;778.0;618.0;452.0;2255;5.8;Fair
2554;2555;91.0;1.0;USA;16000000.0;37300107.0;29147;115.0;138.0;0;26.0;3000.0;1000.0;638.0;5349;4.8;Fair
2082;2083;97.0;0.0;USA;22000000.0;144833357.0;64742;111.0;64.0;0;11.0;901.0;775.0;595.0;2790;6.4;Good
1067;1068;81.0;1.0;USA;47000000.0;10539414.0;45729;176.0;178.0;0;39.0;13000.0;541.0;364.0;14619;4.7;Fair
362;363;121.0;3.0;USA;92000000.0;110416702.0;307539;577.0;308.0;0;0.0;21000.0;1000.0;918.0;23484;7.0;Good
4413;4414;92.0;3.0;USA;1500000.0;;25332;148.0;131.0;0;92.0;752.0;324.0;166.0;1652;6.9;Good
2637;2638;109.0;2.0;USA;7000000.0;40983001.0;181025;336.0;355.0;38000;453.0;15000.0;10000.0;953.0;27788;7.7;Good
2782;2783;109.0;0.0;USA;14000000.0;27515786.0;8904;31.0;12.0;0;309.0;592.0;556.0;279.0;1620;5.9;Fair
4189;4190;105.0;1.0;USA;2500000.0;5400000.0;183288;395.0;121.0;22000;0.0;15.0;12.0;4.0;36;8.1;Excellent
3788;3789;136.0;0.0;India;;240425.0;1311;25.0;16.0;133;0.0;75.0;45.0;14.0;172;7.4;Good
796;797;140.0;1.0;UK;60000000.0;13082288.0;35565;247.0;123.0;2000;23.0;11000.0;779.0;579.0;12634;6.6;Good
2074;2075;50.0;0.0;USA;;;1781;23.0;6.0;532;;787.0;748.0;543.0;3276;6.8;Good
36;37;165.0;2.0;USA;210000000.0;245428137.0;242420;918.0;378.0;56000;0.0;974.0;956.0;808.0;3988;5.7;Fair
1551;1552;93.0;3.0;USA;32000000.0;54696902.0;379462;571.0;522.0;56000;0.0;15000.0;491.0;355.0;16034;7.5;Good
4657;4658;90.0;1.0;USA;100000.0;;169;6.0;7.0;312;8.0;1000.0;806.0;487.0;3336;3.2;Bad
1971;1972;30.0;0.0;USA;;;23664;60.0;7.0;581;;971.0;918.0;265.0;2346;7.2;Good
3876;3877;133.0;0.0;India;150000000.0;199228.0;7295;49.0;12.0;504;12.0;464.0;374.0;106.0;1045;7.2;Good
3388;3389;92.0;1.0;USA;8000000.0;58401464.0;276746;264.0;262.0;19000;87.0;15000.0;1000.0;424.0;16982;7.1;Good
2366;2367;101.0;2.0;USA;19000000.0;27758465.0;77987;120.0;181.0;0;8.0;544.0;449.0;110.0;1292;6.1;Good
390;391;144.0;0.0;USA;88000000.0;61644321.0;148238;529.0;201.0;0;2000.0;680.0;655.0;537.0;2523;8.0;Good
3543;3544;96.0;0.0;Canada;8700000.0;;33;6.0;6.0;187;16.0;149.0;147.0;63.0;414;7.2;Good
3065;3066;124.0;0.0;USA;11000000.0;;2603;36.0;13.0;608;58.0;338.0;275.0;104.0;800;6.9;Good
4883;4884;90.0;0.0;USA;250000.0;;37;2.0;6.0;199;30.0;699.0;683.0;670.0;3967;8.0;Good
4545;4546;109.0;8.0;USA;900000.0;9000000.0;7584;137.0;101.0;0;199.0;503.0;46.0;44.0;731;6.2;Good
1098;1099;111.0;0.0;USA;2500000.0;;5888;61.0;8.0;0;5.0;6000.0;584.0;559.0;7493;7.2;Good
2128;2129;117.0;1.0;USA;21500000.0;24362501.0;69980;591.0;155.0;0;89.0;12000.0;541.0;442.0;13576;7.2;Good
4411;4412;110.0;2.0;USA;1500000.0;2365931.0;36657;318.0;106.0;0;787.0;1000.0;787.0;642.0;4762;7.5;Good
4748;4749;97.0;0.0;Switzerland;500000.0;;3013;24.0;10.0;344;32.0;11000.0;422.0;329.0;11839;5.8;Fair
1199;1200;116.0;4.0;USA;40000000.0;89138076.0;98535;734.0;212.0;0;0.0;287.0;157.0;71.0;600;5.5;Fair
1924;1925;114.0;3.0;USA;25000000.0;41597830.0;102123;660.0;174.0;0;335.0;11000.0;577.0;530.0;12624;7.6;Good
3484;3485;100.0;0.0;UK;3500000.0;26005908.0;154938;1100.0;342.0;10000;197.0;513.0;239.0;159.0;1379;7.2;Good
1345;1346;60.0;4.0;USA;;;38383;86.0;22.0;0;;23000.0;967.0;501.0;25160;7.8;Good
4982;4983;87.0;0.0;USA;70000.0;;13065;136.0;125.0;3000;59.0;35.0;28.0;9.0;97;5.8;Fair
4292;4293;96.0;4.0;UK;;444354.0;4049;111.0;41.0;166;11.0;584.0;559.0;490.0;3011;6.4;Good
1097;1098;135.0;0.0;USA;45000000.0;53854588.0;37911;73.0;48.0;1000;41.0;982.0;843.0;808.0;3648;6.3;Good
3371;3372;93.0;1.0;USA;8000000.0;;3904;48.0;14.0;495;2.0;484.0;345.0;213.0;1455;5.0;Fair
2545;2546;89.0;1.0;USA;16000000.0;42638165.0;42182;230.0;178.0;0;687.0;10000.0;787.0;389.0;12183;4.8;Fair
975;976;132.0;0.0;Canada;50000000.0;46982632.0;172792;1740.0;267.0;0;50.0;992.0;495.0;368.0;1933;6.6;Good
550;551;123.0;2.0;USA;80000000.0;41523271.0;57038;261.0;132.0;0;272.0;13000.0;450.0;193.0;13934;6.6;Good
3852;3853;98.0;;USA;5000000.0;10429707.0;10483;125.0;49.0;0;10.0;589.0;416.0;402.0;2705;5.4;Fair
4409;4410;95.0;1.0;USA;1696377.0;;32927;161.0;97.0;0;13000.0;472.0;239.0;82.0;896;7.6;Good
403;404;44.0;1.0;USA;;;159910;270.0;103.0;59000;;544.0;183.0;148.0;996;8.6;Excellent
4372;4373;90.0;0.0;Canada;1800000.0;;761;12.0;10.0;566;4.0;433.0;108.0;91.0;984;3.4;Bad
431;432;88.0;0.0;USA;85000000.0;80170146.0;243053;488.0;238.0;0;218.0;17000.0;4000.0;521.0;21863;6.1;Good
8;9;153.0;3.0;UK;250000000.0;301956980.0;321795;973.0;375.0;10000;282.0;25000.0;11000.0;10000.0;58753;7.5;Good
4830;4831;114.0;0.0;UK;;;270;7.0;4.0;29;7.0;19.0;16.0;2.0;37;5.6;Fair
1793;1794;100.0;2.0;France;28000000.0;20285518.0;32103;112.0;177.0;0;11.0;23000.0;727.0;561.0;25387;5.7;Fair
2937;2938;96.0;0.0;USA;12000000.0;31597131.0;97938;605.0;207.0;0;132.0;49000.0;989.0;933.0;52138;6.8;Good
3995;3996;92.0;0.0;USA;3500000.0;25138292.0;66483;452.0;425.0;43000;22.0;648.0;191.0;159.0;1122;6.8;Good
1550;1551;113.0;2.0;USA;32000000.0;37911876.0;19671;47.0;88.0;0;14.0;918.0;845.0;534.0;3500;4.4;Fair
3042;3043;86.0;1.0;USA;11000000.0;23978402.0;10966;100.0;62.0;365;5.0;584.0;580.0;532.0;3850;4.6;Fair
2304;2305;107.0;7.0;Russia;20000000.0;7268659.0;59248;164.0;260.0;48000;0.0;2000.0;749.0;99.0;2848;5.6;Fair
1311;1312;93.0;0.0;UK;40000000.0;4835968.0;4821;82.0;53.0;158;18.0;3000.0;545.0;443.0;4123;4.5;Fair
3678;3679;104.0;0.0;USA;5000000.0;1056102.0;18792;153.0;91.0;1000;10.0;715.0;436.0;93.0;1315;6.6;Good
2751;2752;98.0;0.0;Italy;15000000.0;;80;4.0;4.0;18;6.0;61.0;57.0;50.0;192;5.7;Fair
4722;4723;122.0;0.0;USA;500000.0;33451479.0;17068;215.0;50.0;0;589.0;848.0;153.0;150.0;1164;6.5;Good
3232;3233;97.0;0.0;USA;10000000.0;;2041;18.0;59.0;0;53.0;962.0;545.0;499.0;3465;6.5;Good
724;725;101.0;2.0;USA;60000000.0;93307796.0;85673;269.0;118.0;0;30.0;1000.0;976.0;268.0;2636;6.1;Good
18;19;106.0;1.0;USA;225000000.0;179020854.0;268154;341.0;451.0;40000;188.0;10000.0;816.0;718.0;12572;6.8;Good
1347;1348;146.0;0.0;USA;38000000.0;50668906.0;76016;265.0;65.0;0;278.0;18000.0;584.0;494.0;20516;7.6;Good
900;901;99.0;0.0;Germany;46000000.0;70327868.0;58416;301.0;160.0;0;309.0;23000.0;1000.0;577.0;26527;5.9;Fair
3610;3611;122.0;0.0;USA;6000000.0;8596914.0;23023;148.0;115.0;0;0.0;697.0;394.0;221.0;1517;7.0;Good
1667;1668;106.0;0.0;USA;30000000.0;32154410.0;148327;274.0;450.0;29000;0.0;17000.0;681.0;273.0;18469;7.1;Good
1112;1113;133.0;0.0;USA;45000000.0;24343673.0;91860;524.0;156.0;14000;278.0;5000.0;117.0;107.0;5405;7.4;Good
2866;2867;82.0;0.0;Canada;13000000.0;9975684.0;20033;117.0;32.0;679;799.0;721.0;359.0;294.0;1805;6.4;Good
15;16;150.0;4.0;USA;225000000.0;141614023.0;149922;438.0;258.0;0;80.0;22000.0;216.0;201.0;22697;6.6;Good
3114;3115;97.0;0.0;Canada;10000000.0;52200504.0;54190;183.0;242.0;29000;482.0;852.0;542.0;482.0;2426;6.1;Good
3672;3673;105.0;0.0;USA;5500000.0;;36381;169.0;72.0;0;16000.0;16000.0;742.0;258.0;17599;7.6;Good
1060;1061;115.0;0.0;Soviet Union;1000000.0;;54057;236.0;144.0;0;0.0;29.0;29.0;12.0;95;8.1;Excellent
1787;1788;107.0;2.0;USA;28000000.0;6998324.0;11476;50.0;125.0;0;234.0;1000.0;962.0;660.0;3944;6.1;Good
2642;2643;120.0;2.0;USA;15000000.0;33771174.0;27044;240.0;78.0;0;18.0;20000.0;1000.0;944.0;22383;6.8;Good
758;759;92.0;1.0;USA;60000000.0;50024083.0;35918;126.0;47.0;1000;14.0;789.0;520.0;488.0;2318;5.4;Fair
3410;3411;99.0;3.0;USA;8000000.0;398420.0;5049;48.0;41.0;226;30.0;480.0;257.0;209.0;1234;6.4;Good
3059;3060;125.0;1.0;UK;11000000.0;3753806.0;20307;165.0;169.0;0;608.0;979.0;594.0;579.0;3133;7.7;Good
663;664;130.0;1.0;USA;65000000.0;90454043.0;60165;326.0;169.0;0;16000.0;16000.0;495.0;416.0;17771;6.4;Good
3598;3599;121.0;4.0;USA;6500000.0;14545844.0;4756;38.0;22.0;624;0.0;413.0;282.0;182.0;1284;5.8;Fair
266;267;121.0;0.0;USA;160000000.0;48068396.0;60573;248.0;79.0;894;101.0;673.0;368.0;202.0;2027;3.7;Bad
4848;4849;96.0;0.0;USA;250000.0;;1905;58.0;78.0;249;5.0;431.0;338.0;180.0;1228;4.5;Fair
2635;2636;120.0;3.0;USA;10000000.0;44886089.0;69576;207.0;131.0;2000;446.0;22000.0;13000.0;1000.0;40117;6.9;Good
2704;2705;118.0;1.0;USA;15000000.0;9059588.0;17261;125.0;71.0;455;41.0;556.0;463.0;274.0;1873;6.6;Good
3600;3601;86.0;1.0;Hong Kong;;12674183.0;19774;70.0;63.0;355;472.0;472.0;155.0;64.0;773;6.2;Good
731;732;125.0;1.0;USA;60000000.0;75764085.0;85844;322.0;121.0;0;420.0;12000.0;3000.0;627.0;16646;6.7;Good
1661;1662;100.0;1.0;USA;30000000.0;35266619.0;108242;371.0;359.0;39000;108.0;17000.0;2000.0;534.0;20051;5.9;Fair
4265;4266;80.0;0.0;USA;2700000.0;5792822.0;168398;492.0;211.0;13000;0.0;50.0;8.0;3.0;65;8.0;Good
450;451;128.0;1.0;USA;80000000.0;124590960.0;91092;402.0;145.0;0;278.0;18000.0;4000.0;343.0;22679;6.7;Good
406;407;104.0;5.0;USA;75000000.0;78009155.0;110073;194.0;236.0;0;420.0;2000.0;906.0;535.0;3768;6.2;Good
582;583;117.0;0.0;USA;120000000.0;244052771.0;263853;584.0;256.0;0;487.0;1000.0;843.0;769.0;4905;7.2;Good
3640;3641;117.0;2.0;USA;7840000.0;;6454;44.0;38.0;733;160.0;11000.0;949.0;898.0;15604;7.4;Good
2121;2122;92.0;1.0;UK;22000000.0;2963012.0;48873;105.0;149.0;11000;17.0;14000.0;257.0;231.0;14617;6.3;Good
3510;3511;99.0;0.0;USA;7000000.0;2344847.0;18561;119.0;158.0;0;342.0;1000.0;518.0;501.0;2158;6.8;Good
4837;4838;95.0;1.0;USA;160000.0;12438.0;891;26.0;24.0;363;0.0;581.0;99.0;87.0;835;8.1;Excellent
3235;3236;90.0;2.0;USA;8000000.0;100503.0;7759;20.0;22.0;1000;0.0;806.0;690.0;617.0;3124;5.9;Fair
1577;1578;99.0;0.0;USA;25000000.0;59073773.0;475518;644.0;536.0;149000;0.0;13000.0;1000.0;670.0;15082;8.1;Excellent
3857;3858;98.0;1.0;USA;;278821.0;5465;37.0;159.0;0;377.0;1000.0;887.0;844.0;5041;6.5;Good
2009;2010;85.0;0.0;Russia;25000000.0;;891;8.0;16.0;200;0.0;21.0;15.0;7.0;48;5.2;Fair
4525;4526;82.0;4.0;USA;950000.0;;387508;1123.0;242.0;23000;345.0;2000.0;607.0;269.0;3442;8.6;Excellent
2634;2635;118.0;0.0;USA;;39100956.0;13442;59.0;19.0;0;13.0;90.0;22.0;2.0;114;7.2;Good
2180;2181;100.0;9.0;USA;20000000.0;55461307.0;4654;46.0;81.0;18000;24.0;15000.0;1000.0;851.0;18786;6.7;Good
372;373;146.0;0.0;USA;100000000.0;78616689.0;238747;2153.0;281.0;11000;14000.0;3000.0;882.0;681.0;6217;7.1;Good
2992;2993;104.0;4.0;USA;12000000.0;1779284.0;12047;122.0;78.0;677;0.0;1000.0;165.0;77.0;1292;7.1;Good
261;262;103.0;3.0;USA;110000000.0;142614158.0;66593;153.0;172.0;31000;67.0;383.0;113.0;111.0;692;5.5;Fair
1224;1225;106.0;2.0;USA;40000000.0;59068786.0;86902;411.0;131.0;0;212.0;578.0;563.0;389.0;2544;6.4;Good
2011;2012;121.0;2.0;UK;25000000.0;;34338;103.0;91.0;0;9.0;1000.0;870.0;520.0;3287;6.2;Good
612;613;116.0;2.0;USA;70000000.0;30157016.0;39659;189.0;128.0;792;541.0;12000.0;405.0;384.0;12993;5.6;Fair
4764;4765;103.0;3.0;UK;;;26863;54.0;48.0;0;21.0;25000.0;766.0;680.0;26999;7.2;Good
4909;4910;89.0;0.0;USA;;;78;1.0;1.0;267;0.0;138.0;18.0;15.0;192;6.8;Good
2380;2381;121.0;2.0;USA;;5308553.0;5147;37.0;102.0;0;33.0;1000.0;919.0;505.0;3260;6.4;Good
891;892;117.0;1.0;USA;54000000.0;81645152.0;158267;559.0;224.0;0;0.0;12000.0;919.0;845.0;15371;6.7;Good
3448;3449;103.0;0.0;France;50000000.0;206400.0;1439;26.0;38.0;26;27.0;71.0;59.0;59.0;262;6.9;Good
1542;1543;101.0;1.0;USA;32000000.0;60328558.0;61396;159.0;88.0;11000;503.0;13000.0;1000.0;1000.0;18734;7.0;Good
2525;2526;120.0;1.0;France;17000000.0;106869.0;13762;39.0;106.0;0;30.0;14000.0;287.0;55.0;14492;6.6;Good
787;788;152.0;1.0;USA;60000000.0;32522352.0;207287;822.0;149.0;15000;488.0;22000.0;11000.0;947.0;36897;7.9;Good
3886;3887;96.0;5.0;USA;114000.0;;87978;580.0;284.0;0;0.0;125.0;108.0;56.0;403;8.0;Good
63;64;150.0;5.0;USA;180000000.0;291709845.0;286506;1463.0;284.0;0;80.0;1000.0;190.0;82.0;1317;6.9;Good
2078;2079;96.0;2.0;USA;22700000.0;38119483.0;136667;273.0;103.0;13000;0.0;1000.0;605.0;542.0;2936;7.1;Good
4267;4268;100.0;2.0;USA;1500000.0;4599680.0;68222;545.0;126.0;0;308.0;1000.0;482.0;374.0;2186;6.8;Good
4995;4996;96.0;5.0;USA;45000.0;;181;4.0;;72;117.0;948.0;482.0;281.0;2058;5.5;Fair
3236;3237;90.0;1.0;USA;5000000.0;92900.0;3662;23.0;43.0;546;8.0;1000.0;893.0;495.0;3146;4.7;Fair
739;740;105.0;1.0;USA;60000000.0;73648142.0;99043;643.0;199.0;0;212.0;1000.0;975.0;811.0;3697;5.8;Fair
1258;1259;94.0;2.0;USA;40000000.0;38543473.0;84382;158.0;201.0;0;52.0;683.0;392.0;214.0;1488;5.1;Fair
3400;3401;79.0;2.0;USA;8000000.0;2275557.0;12561;102.0;45.0;0;73.0;1000.0;1000.0;112.0;2404;6.0;Fair
3555;3556;112.0;2.0;USA;6000000.0;57504069.0;94139;183.0;64.0;0;309.0;27.0;26.0;15.0;106;7.8;Good
2708;2709;97.0;5.0;UK;15000000.0;8378141.0;18966;141.0;104.0;0;32.0;14000.0;1000.0;692.0;16502;6.9;Good
3354;3355;178.0;1.0;USA;8000000.0;107930000.0;1324680;2195.0;215.0;45000;16000.0;13000.0;902.0;857.0;16557;8.9;Excellent
4004;4005;97.0;0.0;USA;1000000.0;;34532;236.0;139.0;93000;48.0;984.0;697.0;689.0;3075;3.3;Bad
2338;2339;118.0;0.0;France;140000000.0;146072.0;7147;16.0;8.0;136;8.0;106.0;56.0;11.0;182;6.0;Fair
3574;3575;107.0;1.0;UK;6500000.0;38400000.0;600266;692.0;204.0;13000;0.0;2000.0;663.0;255.0;3582;8.1;Excellent
5024;5025;108.0;2.0;USA;10000.0;180483.0;16792;183.0;73.0;0;0.0;462.0;143.0;105.0;760;6.1;Good
805;806;103.0;1.0;USA;60000000.0;19781879.0;53864;290.0;223.0;2000;436.0;19000.0;961.0;437.0;20881;4.8;Fair
1520;1521;105.0;5.0;USA;35000000.0;13101142.0;23916;50.0;135.0;0;125.0;18000.0;2000.0;2000.0;23122;5.7;Fair
4998;4999;95.0;0.0;USA;75000.0;;34;2.0;3.0;87;0.0;883.0;507.0;279.0;2618;5.0;Fair
4071;4072;100.0;0.0;USA;3000000.0;11694528.0;7721;72.0;114.0;635;1000.0;989.0;744.0;220.0;2165;7.2;Good
2574;2575;108.0;7.0;USA;16000000.0;;5237;90.0;42.0;392;38.0;940.0;416.0;316.0;1945;4.9;Fair
4829;4830;80.0;3.0;USA;300000.0;2360184.0;18035;177.0;131.0;0;54.0;1000.0;806.0;543.0;3010;7.1;Good
2559;2560;96.0;0.0;Spain;15500000.0;23213577.0;198111;365.0;275.0;14000;11000.0;19000.0;581.0;252.0;19894;7.2;Good
2942;2943;89.0;0.0;USA;12000000.0;27281507.0;33850;147.0;75.0;0;53.0;227.0;94.0;84.0;534;7.7;Good
2595;2596;94.0;0.0;USA;;508867.0;1033;26.0;21.0;282;4.0;844.0;626.0;518.0;3583;6.5;Good
3186;3187;106.0;0.0;USA;10000000.0;5348317.0;20810;100.0;139.0;0;102.0;14000.0;3000.0;970.0;18712;7.1;Good
1558;1559;87.0;1.0;France;32000000.0;43095600.0;156267;340.0;163.0;0;255.0;26000.0;1000.0;810.0;29050;6.3;Good
1871;1872;118.0;0.0;USA;26000000.0;26761283.0;43084;99.0;85.0;19000;97.0;775.0;523.0;437.0;3197;6.7;Good
539;540;102.0;1.0;USA;75000000.0;66636385.0;88451;289.0;269.0;0;0.0;22000.0;15000.0;15000.0;60646;7.1;Good
751;752;92.0;0.0;USA;60000000.0;55994557.0;72287;176.0;328.0;12000;28.0;10000.0;884.0;586.0;13597;7.0;Good
2354;2355;184.0;2.0;Germany;20000000.0;476270.0;29602;110.0;160.0;0;34.0;486.0;471.0;155.0;1601;7.4;Good
2139;2140;92.0;0.0;France;21000000.0;25296447.0;237248;460.0;171.0;0;255.0;26000.0;1000.0;447.0;27572;6.8;Good
2957;2958;86.0;5.0;USA;;17321573.0;3119;18.0;33.0;151;17.0;873.0;691.0;581.0;3646;4.5;Fair
1657;1658;111.0;0.0;USA;30000000.0;40247512.0;159198;438.0;417.0;38000;456.0;157.0;33.0;21.0;257;6.8;Good
2505;2506;105.0;0.0;USA;;21160089.0;8522;92.0;54.0;874;49.0;680.0;503.0;104.0;1538;6.0;Fair
1970;1971;101.0;0.0;UK;25000000.0;;15531;189.0;159.0;0;365.0;338.0;246.0;141.0;1008;6.1;Good
1744;1745;88.0;0.0;Romania;12000000.0;17016190.0;28632;214.0;148.0;0;64.0;1000.0;857.0;363.0;2567;4.9;Fair
3589;3590;106.0;4.0;USA;6000000.0;27457409.0;3198;43.0;52.0;478;10.0;3000.0;685.0;578.0;6419;6.3;Good
1803;1804;116.0;4.0;USA;27000000.0;69586544.0;15352;199.0;93.0;0;144.0;1000.0;482.0;477.0;3845;6.0;Fair
1516;1517;101.0;0.0;Japan;34000000.0;15081783.0;85589;144.0;256.0;0;6000.0;6.0;3.0;2.0;13;7.7;Good
420;421;108.0;1.0;USA;85000000.0;40048332.0;61417;339.0;135.0;941;99.0;672.0;174.0;172.0;1460;5.5;Fair
3138;3139;93.0;2.0;USA;9000000.0;17096053.0;134458;640.0;179.0;5000;0.0;13000.0;933.0;766.0;15716;7.7;Good
4278;4279;101.0;0.0;USA;2000000.0;2506446.0;8662;172.0;108.0;134;0.0;8000.0;724.0;685.0;11327;4.7;Fair
1669;1670;63.0;0.0;USA;30000000.0;26687172.0;15600;55.0;162.0;0;15.0;759.0;73.0;69.0;1002;7.3;Good
4806;4807;84.0;0.0;USA;;25918.0;191;10.0;8.0;7;0.0;169.0;80.0;36.0;312;5.8;Fair
806;807;107.0;2.0;UK;60000000.0;7605668.0;47320;188.0;181.0;12000;192.0;40000.0;2000.0;280.0;42683;5.5;Fair
4297;4298;91.0;1.0;USA;2000000.0;124494.0;5613;102.0;51.0;0;4.0;33.0;3.0;0.0;36;6.7;Good
1566;1567;75.0;0.0;USA;32000000.0;3562749.0;5600;49.0;18.0;643;10.0;3000.0;2000.0;826.0;7394;6.9;Good
2531;2532;122.0;2.0;USA;16800000.0;220914.0;13239;97.0;105.0;0;30.0;21000.0;3000.0;260.0;25173;6.5;Good
2473;2474;114.0;2.0;Spain;14000000.0;;48162;140.0;195.0;10000;89.0;22000.0;2000.0;920.0;25804;6.2;Good
4228;4229;92.0;0.0;USA;2200000.0;21300000.0;22521;342.0;160.0;1000;13.0;42.0;27.0;17.0;170;4.7;Fair
2084;2085;110.0;0.0;USA;22000000.0;90636983.0;44021;83.0;112.0;0;99.0;12000.0;941.0;835.0;15170;6.2;Good
2783;2784;95.0;2.0;USA;14000000.0;25482931.0;9693;33.0;40.0;530;10.0;706.0;266.0;111.0;1421;5.7;Fair
1207;1208;120.0;1.0;USA;40000000.0;81593527.0;48806;263.0;118.0;11000;155.0;23000.0;984.0;249.0;24300;7.3;Good
3770;3771;112.0;0.0;Canada;5000000.0;4306697.0;26720;196.0;120.0;920;460.0;990.0;900.0;395.0;2820;7.7;Good
3031;3032;107.0;3.0;USA;11000000.0;50461335.0;83893;132.0;141.0;15000;15.0;17000.0;1000.0;602.0;20466;6.8;Good
7;8;141.0;4.0;USA;250000000.0;458991599.0;462669;1117.0;635.0;118000;0.0;26000.0;21000.0;19000.0;92000;7.5;Good
2890;2891;94.0;0.0;USA;13000000.0;51872378.0;88241;266.0;285.0;23000;122.0;873.0;461.0;383.0;2812;6.7;Good
2962;2963;93.0;1.0;USA;12000000.0;27829874.0;196422;444.0;170.0;0;83.0;26000.0;725.0;501.0;28767;7.0;Good
2015;2016;119.0;2.0;USA;14000000.0;34700000.0;52846;143.0;51.0;0;350.0;18000.0;17000.0;418.0;35501;7.7;Good
2490;2491;110.0;2.0;USA;17500000.0;19179969.0;54710;177.0;91.0;0;422.0;33000.0;459.0;422.0;35345;6.3;Good
4008;4009;102.0;4.0;USA;68000000.0;34350553.0;104072;207.0;265.0;15000;82.0;622.0;591.0;536.0;2486;5.7;Fair
4136;4137;88.0;0.0;USA;800000.0;;704;9.0;17.0;406;8.0;2000.0;715.0;471.0;4469;5.2;Fair
21;22;156.0;0.0;USA;200000000.0;105219735.0;211765;546.0;343.0;17000;0.0;891.0;882.0;738.0;3244;6.7;Good
4714;4715;115.0;0.0;USA;750000.0;;204;13.0;15.0;32;3.0;0.0;0.0;0.0;0;7.0;Good
906;907;118.0;0.0;USA;50000000.0;73343413.0;217480;429.0;216.0;21000;473.0;18000.0;1000.0;963.0;22517;7.4;Good
3161;3162;97.0;0.0;Germany;10000000.0;10561238.0;27265;321.0;77.0;0;31.0;4000.0;980.0;551.0;6388;6.5;Good
1964;1965;85.0;1.0;USA;25000000.0;13973532.0;11211;92.0;52.0;215;54.0;985.0;637.0;455.0;3065;5.1;Fair
1069;1070;86.0;1.0;USA;45000000.0;181395380.0;220392;243.0;73.0;0;293.0;509.0;418.0;255.0;2070;6.8;Good
1536;1537;113.0;1.0;UK;30000000.0;10955425.0;62770;396.0;254.0;0;197.0;165.0;107.0;43.0;391;6.0;Fair
1374;1375;107.0;2.0;USA;37000000.0;44867349.0;75347;176.0;203.0;0;0.0;13000.0;642.0;574.0;14483;5.6;Fair
2787;2788;90.0;2.0;USA;14000000.0;15549702.0;24038;123.0;56.0;411;119.0;869.0;779.0;636.0;3007;4.6;Fair
3177;3178;130.0;3.0;Canada;10000000.0;9473382.0;26832;247.0;94.0;0;63.0;24.0;3.0;2.0;29;7.7;Good
2200;2201;105.0;1.0;USA;20000000.0;35596227.0;79461;463.0;333.0;10000;210.0;978.0;191.0;101.0;1454;6.3;Good
2255;2256;99.0;1.0;Hong Kong;20000000.0;17104669.0;99353;354.0;377.0;0;0.0;264.0;62.0;59.0;537;7.8;Good
1313;1314;107.0;0.0;UK;26000000.0;3675072.0;190132;801.0;308.0;15000;0.0;11000.0;372.0;167.0;11623;7.3;Good
1031;1032;104.0;1.0;USA;50000000.0;10706786.0;81800;211.0;296.0;15000;71.0;12000.0;2000.0;982.0;16481;5.5;Fair
3920;3921;110.0;6.0;USA;4000000.0;4301331.0;78241;177.0;51.0;0;99.0;4000.0;975.0;960.0;7921;6.7;Good
2036;2037;118.0;0.0;USA;24000000.0;13000000.0;10895;150.0;32.0;0;0.0;738.0;295.0;227.0;1458;5.2;Fair
1826;1827;112.0;1.0;USA;15000000.0;4485485.0;14612;105.0;78.0;0;541.0;22000.0;22000.0;638.0;46022;6.4;Good
83;84;109.0;3.0;Belgium;;;2138;15.0;10.0;677;596.0;622.0;525.0;283.0;1982;4.5;Fair
3312;3313;98.0;1.0;France;;;1673;1.0;17.0;348;0.0;186.0;41.0;5.0;253;6.1;Good
3325;3326;122.0;12.0;Australia;9000000.0;;5741;39.0;17.0;0;8.0;174.0;109.0;59.0;498;7.1;Good
287;288;153.0;0.0;USA;102000000.0;204843350.0;744891;983.0;210.0;13000;0.0;780.0;604.0;539.0;2829;8.5;Excellent
3908;3909;93.0;2.0;USA;4000000.0;10097096.0;5612;38.0;27.0;842;69.0;522.0;231.0;69.0;955;4.6;Fair
2215;2216;115.0;3.0;USA;20000000.0;29753944.0;90677;389.0;69.0;0;39.0;13000.0;481.0;254.0;14275;6.5;Good
866;867;135.0;1.0;USA;55000000.0;49994804.0;29205;194.0;76.0;0;317.0;57.0;40.0;34.0;164;6.3;Good
761;762;99.0;3.0;UK;60000000.0;62401264.0;69484;323.0;225.0;28000;24.0;18000.0;992.0;864.0;20276;5.9;Fair
402;403;107.0;2.0;USA;85000000.0;127706877.0;142496;399.0;222.0;0;36.0;283.0;142.0;118.0;662;7.1;Good
3455;3456;89.0;0.0;France;7300000.0;4443403.0;70194;158.0;242.0;14000;10.0;963.0;545.0;106.0;1754;8.0;Good
3779;3780;103.0;0.0;USA;5000000.0;1100000.0;3665;39.0;19.0;247;261.0;722.0;280.0;145.0;1201;6.8;Good
5022;5023;88.0;2.0;USA;15000.0;76382.0;1194;8.0;22.0;324;38.0;331.0;212.0;211.0;1546;6.2;Good
729;730;132.0;0.0;USA;61000000.0;81687587.0;138246;360.0;249.0;24000;47.0;988.0;960.0;240.0;2517;6.4;Good
2425;2426;109.0;0.0;USA;18000000.0;22927390.0;25344;77.0;111.0;0;7.0;2000.0;980.0;827.0;4947;5.6;Fair
1037;1038;190.0;0.0;USA;48000000.0;124107476.0;170684;867.0;223.0;0;0.0;599.0;399.0;215.0;1418;7.6;Good
3500;3501;164.0;0.0;USA;7000000.0;8373585.0;39680;308.0;114.0;0;17000.0;883.0;618.0;159.0;1934;7.6;Good
4174;4175;66.0;0.0;Spain;2600000.0;38108.0;40878;124.0;173.0;0;76.0;123.0;76.0;36.0;239;7.2;Good
635;636;141.0;2.0;Spain;70000000.0;617840.0;52496;172.0;180.0;29000;448.0;614.0;451.0;334.0;1829;7.2;Good
3526;3527;93.0;2.0;UK;;518134.0;21243;66.0;151.0;0;47.0;554.0;524.0;13.0;1105;6.2;Good
2546;2547;94.0;2.0;USA;16000000.0;45507053.0;237848;377.0;487.0;71000;0.0;13000.0;13000.0;559.0;27911;7.8;Good
1263;1264;104.0;1.0;USA;30000000.0;42071069.0;36223;208.0;124.0;0;101.0;787.0;299.0;223.0;1827;6.2;Good
950;951;95.0;2.0;USA;50000000.0;88658172.0;58412;242.0;143.0;2000;9.0;14000.0;11000.0;11000.0;37967;5.6;Fair
2867;2868;95.0;4.0;USA;13000000.0;7881335.0;21212;107.0;52.0;3000;0.0;899.0;849.0;650.0;3092;6.7;Good
1593;1594;132.0;0.0;USA;30000000.0;116631310.0;87665;323.0;304.0;41000;304.0;15000.0;1000.0;898.0;20035;7.2;Good
4207;4208;96.0;0.0;USA;2500000.0;322157.0;61787;203.0;238.0;19000;571.0;2000.0;973.0;370.0;4590;6.8;Good
939;940;123.0;0.0;USA;60000000.0;105264608.0;239752;406.0;120.0;11000;277.0;11000.0;10000.0;4000.0;25697;7.6;Good
1295;1296;103.0;2.0;USA;40000000.0;14448589.0;19364;128.0;86.0;835;65.0;11000.0;944.0;311.0;12566;5.8;Fair
293;294;116.0;2.0;USA;100000000.0;119219978.0;189806;316.0;265.0;16000;285.0;12000.0;8000.0;107.0;20233;6.7;Good
4461;4462;95.0;1.0;USA;1300000.0;695229.0;11369;65.0;43.0;872;12000.0;12000.0;680.0;636.0;14420;7.2;Good
1707;1708;123.0;1.0;UK;40000000.0;7689458.0;126307;210.0;292.0;19000;0.0;10000.0;785.0;645.0;11769;6.8;Good
1890;1891;108.0;1.0;USA;25000000.0;70625986.0;168717;178.0;245.0;24000;425.0;20000.0;962.0;766.0;22739;6.2;Good
1569;1570;93.0;4.0;USA;32000000.0;;3088;31.0;12.0;290;0.0;330.0;239.0;239.0;1073;5.7;Fair
822;823;125.0;2.0;USA;58000000.0;44665963.0;159931;281.0;246.0;22000;189.0;1000.0;847.0;839.0;5081;6.3;Good
4365;4366;90.0;1.0;USA;1500000.0;638476.0;13223;45.0;130.0;0;293.0;16000.0;14000.0;808.0;32405;6.6;Good
4175;4176;99.0;1.0;China;15000000.0;;1418;4.0;5.0;30;0.0;11.0;4.0;4.0;19;7.4;Good
3136;3137;107.0;1.0;USA;10000000.0;;6143;90.0;54.0;0;17.0;371.0;324.0;53.0;857;5.3;Fair
4979;4980;70.0;1.0;USA;62000.0;;4752;152.0;95.0;1000;2.0;24.0;16.0;6.0;52;4.1;Fair
2640;2641;123.0;0.0;UK;15000000.0;35887263.0;265507;388.0;419.0;90000;120.0;13000.0;876.0;149.0;14100;7.7;Good
3811;3812;94.0;1.0;Bahamas;5000000.0;;6964;47.0;64.0;0;261.0;12000.0;316.0;179.0;12676;4.4;Fair
1659;1660;95.0;0.0;USA;30000000.0;35927406.0;36363;256.0;59.0;1000;40.0;663.0;349.0;342.0;2266;3.7;Bad
99;100;106.0;2.0;USA;38000000.0;144512310.0;272223;988.0;187.0;14000;357.0;23000.0;14000.0;4000.0;45327;6.7;Good
2462;2463;103.0;0.0;USA;18000000.0;676698.0;26730;180.0;79.0;2000;154.0;1000.0;783.0;576.0;4094;7.2;Good
1256;1257;123.0;1.0;Germany;40000000.0;36283504.0;104564;587.0;138.0;0;541.0;12000.0;638.0;173.0;12970;6.5;Good
1845;1846;107.0;3.0;UK;26000000.0;45506619.0;225102;862.0;197.0;16000;0.0;1000.0;596.0;577.0;3066;7.8;Good
3910;3911;101.0;1.0;USA;3200000.0;8243880.0;28714;215.0;157.0;762;47.0;658.0;636.0;407.0;3086;7.0;Good
760;761;124.0;3.0;USA;60000000.0;56443482.0;75329;256.0;315.0;24000;737.0;34000.0;22000.0;14000.0;75793;6.6;Good
3966;3967;141.0;2.0;USA;100000000.0;;67;1.0;1.0;0;335.0;11000.0;744.0;635.0;13391;6.0;Fair
4021;4022;90.0;1.0;UK;3440000.0;;610;18.0;3.0;606;0.0;1000.0;53.0;37.0;1183;3.1;Bad
4916;4917;89.0;3.0;USA;2500000.0;;374;10.0;25.0;83;0.0;236.0;189.0;31.0;518;5.4;Fair
2854;2855;72.0;0.0;USA;13000000.0;28501605.0;31371;166.0;59.0;0;5.0;659.0;628.0;435.0;2646;5.7;Fair
2382;2383;116.0;2.0;France;19000000.0;1292527.0;3536;44.0;31.0;228;500.0;12000.0;1000.0;530.0;14579;6.3;Good
2503;2504;129.0;0.0;USA;17000000.0;44469602.0;23480;83.0;113.0;21000;51.0;427.0;234.0;89.0;952;7.4;Good
255;256;119.0;0.0;USA;110000000.0;129995817.0;154621;258.0;263.0;27000;124.0;14000.0;5000.0;1000.0;22622;6.3;Good
4523;4524;89.0;1.0;USA;1100000.0;;737;15.0;17.0;444;252.0;1000.0;745.0;252.0;2510;3.0;Bad
2385;2386;81.0;0.0;USA;19000000.0;22245861.0;143251;710.0;241.0;0;0.0;12000.0;11000.0;836.0;25489;7.7;Good
1197;1198;129.0;7.0;USA;40000000.0;93952276.0;132048;203.0;161.0;12000;42.0;97.0;50.0;49.0;318;6.4;Good
2870;2871;99.0;3.0;USA;13000000.0;5871603.0;3116;39.0;39.0;251;7.0;3000.0;1000.0;730.0;6485;6.0;Fair
1783;1784;119.0;0.0;Canada;28000000.0;8888143.0;22250;123.0;74.0;913;116.0;738.0;428.0;385.0;2171;6.7;Good
4211;4212;120.0;10.0;USA;2400000.0;5731103.0;4100;35.0;28.0;352;0.0;1000.0;748.0;702.0;5963;6.8;Good
1777;1778;139.0;1.0;USA;28000000.0;31600000.0;34427;126.0;44.0;0;105.0;14000.0;1000.0;902.0;16125;6.9;Good
1202;1203;155.0;0.0;USA;40000000.0;82522790.0;143835;654.0;181.0;14000;0.0;18000.0;12000.0;10000.0;42220;7.5;Good
2440;2441;90.0;1.0;USA;18000000.0;10494494.0;19586;109.0;146.0;4000;31.0;210.0;193.0;179.0;676;4.4;Fair
42;43;103.0;3.0;USA;200000000.0;414984497.0;544884;733.0;453.0;30000;125.0;15000.0;1000.0;721.0;19085;8.3;Excellent
3930;3931;102.0;0.0;USA;4000000.0;2601847.0;22457;69.0;115.0;26000;330.0;48.0;0.0;0.0;48;8.5;Excellent
4281;4282;150.0;0.0;UK;18000000.0;4414535.0;30618;224.0;85.0;0;0.0;597.0;591.0;401.0;1645;7.8;Good
4154;4155;120.0;2.0;USA;2883848.0;25000000.0;175196;350.0;181.0;10000;0.0;105.0;103.0;102.0;527;8.3;Excellent
4565;4566;92.0;0.0;USA;1000000.0;1677838.0;11283;155.0;87.0;0;2.0;783.0;659.0;5.0;1447;7.7;Good
910;911;141.0;0.0;USA;52000000.0;164435221.0;525801;667.0;194.0;15000;14000.0;29000.0;15000.0;3000.0;48153;8.0;Good
3980;3981;113.0;3.0;UK;30000000.0;61094903.0;210548;332.0;349.0;29000;174.0;14000.0;902.0;767.0;17151;6.9;Good
2700;2701;103.0;0.0;USA;15000000.0;10411980.0;22649;212.0;46.0;1000;80.0;1000.0;872.0;782.0;4676;5.9;Fair
3704;3705;115.0;1.0;Mexico;5000000.0;44456509.0;22105;81.0;41.0;14000;399.0;399.0;89.0;83.0;688;7.6;Good
947;948;109.0;0.0;USA;50000000.0;81022333.0;34471;147.0;55.0;0;155.0;426.0;387.0;293.0;1761;5.0;Fair
4179;4180;86.0;6.0;USA;2500000.0;40041683.0;34620;107.0;129.0;0;89.0;713.0;584.0;555.0;3421;5.1;Fair
4720;4721;88.0;1.0;USA;550000.0;;487;9.0;4.0;7;11.0;2000.0;433.0;221.0;2996;6.1;Good
4026;4027;92.0;0.0;USA;3000000.0;2926565.0;28573;72.0;159.0;0;0.0;1000.0;585.0;539.0;3608;6.5;Good
1386;1387;124.0;0.0;USA;34000000.0;23360779.0;31113;212.0;126.0;852;287.0;9000.0;1000.0;475.0;10838;5.7;Fair
1296;1297;99.0;2.0;USA;40000000.0;14358033.0;17365;66.0;40.0;630;0.0;782.0;658.0;402.0;2125;5.9;Fair
1459;1460;102.0;5.0;USA;35000000.0;25266129.0;54346;358.0;164.0;0;0.0;939.0;854.0;769.0;3592;6.2;Good
3163;3164;100.0;0.0;USA;10000000.0;9801782.0;39331;481.0;100.0;0;532.0;4000.0;796.0;711.0;6046;6.3;Good
3629;3630;144.0;1.0;USA;6244087.0;;63192;287.0;147.0;0;541.0;682.0;288.0;242.0;2379;8.0;Good
2264;2265;105.0;0.0;USA;;14359793.0;35137;188.0;222.0;10000;909.0;1000.0;909.0;173.0;2327;7.4;Good
25;26;194.0;0.0;USA;200000000.0;658672302.0;793059;2528.0;315.0;26000;0.0;29000.0;14000.0;794.0;45223;7.7;Good
239;240;136.0;1.0;USA;115000000.0;474544677.0;534658;3597.0;320.0;13000;0.0;20000.0;14000.0;1000.0;37723;6.5;Good
4927;4928;97.0;1.0;USA;500000.0;15180000.0;3340;50.0;38.0;566;101.0;982.0;535.0;101.0;1631;5.5;Fair
1973;1974;107.0;0.0;USA;25000000.0;11008432.0;43903;194.0;119.0;5000;308.0;13000.0;947.0;872.0;16651;7.1;Good
2976;2977;109.0;3.0;USA;12000000.0;8134217.0;15412;90.0;81.0;0;67.0;436.0;223.0;192.0;1141;7.0;Good
3148;3149;110.0;2.0;USA;30000000.0;15156200.0;15358;131.0;91.0;328;164.0;258.0;218.0;45.0;571;6.0;Fair
4620;4621;90.0;1.0;USA;1000000.0;;982;12.0;21.0;370;0.0;898.0;395.0;360.0;2116;5.7;Fair
4906;4907;95.0;0.0;USA;250000.0;;81;1.0;4.0;47;89.0;471.0;89.0;45.0;705;6.2;Good
4781;4782;82.0;6.0;USA;500000.0;;53;5.0;1.0;62;5.0;472.0;251.0;237.0;1752;4.3;Fair
4951;4952;94.0;0.0;France;120000.0;;1962;10.0;36.0;187;0.0;12.0;7.0;5.0;27;7.4;Good
4113;4114;87.0;3.0;USA;3000000.0;418268.0;37156;129.0;156.0;0;21.0;4000.0;3000.0;416.0;8353;5.3;Fair
1883;1884;119.0;1.0;USA;25000000.0;76270454.0;219008;418.0;123.0;0;0.0;22000.0;371.0;188.0;22767;7.9;Good
1711;1712;109.0;2.0;USA;30000000.0;10965209.0;25558;221.0;123.0;0;29.0;779.0;240.0;91.0;1297;6.1;Good
972;973;121.0;0.0;USA;50000000.0;50007168.0;39529;142.0;76.0;1000;16000.0;16000.0;1000.0;826.0;19139;6.7;Good
1998;1999;80.0;3.0;France;25000000.0;;96480;181.0;376.0;21000;2000.0;14000.0;11000.0;132.0;25143;7.2;Good
166;167;138.0;0.0;USA;137000000.0;132122995.0;212106;1445.0;267.0;0;0.0;820.0;300.0;258.0;1814;5.7;Fair
2122;2123;92.0;0.0;USA;12000000.0;;9513;116.0;84.0;0;607.0;813.0;85.0;35.0;1011;7.7;Good
127;128;120.0;0.0;Australia;150000000.0;153629485.0;552503;1588.0;739.0;191000;750.0;27000.0;9000.0;943.0;40025;8.1;Excellent
3329;3330;96.0;5.0;Thailand;9000000.0;162.0;5228;38.0;66.0;0;3.0;2000.0;368.0;305.0;2802;5.7;Fair
3299;3300;99.0;1.0;USA;9000000.0;4681503.0;29058;238.0;136.0;838;23.0;1000.0;710.0;471.0;2478;7.0;Good
4541;4542;99.0;0.0;Japan;1000000000.0;10037390.0;5442;140.0;107.0;339;2.0;43.0;3.0;3.0;53;6.0;Fair
4033;4034;94.0;0.0;USA;4000000.0;;104908;458.0;109.0;18000;84.0;662.0;577.0;378.0;2076;8.1;Excellent
2132;2133;81.0;1.0;USA;21000000.0;52008288.0;162037;928.0;163.0;0;406.0;893.0;795.0;406.0;3003;7.8;Good
3402;3403;101.0;3.0;USA;8000000.0;6350058.0;106098;150.0;163.0;20000;16.0;943.0;769.0;472.0;2786;7.2;Good
632;633;87.0;0.0;USA;69000000.0;251501645.0;385943;296.0;304.0;31000;275.0;7000.0;2000.0;975.0;11608;7.7;Good
1656;1657;102.0;2.0;USA;25000000.0;38747385.0;49349;165.0;63.0;0;0.0;13000.0;854.0;413.0;15308;6.9;Good
4800;4801;97.0;3.0;USA;500000.0;;143;5.0;9.0;194;0.0;935.0;709.0;271.0;2350;5.4;Fair
4434;4435;90.0;3.0;USA;2000000.0;52166.0;2792;22.0;46.0;371;7.0;87000.0;781.0;711.0;89263;6.7;Good
728;729;94.0;6.0;USA;60000000.0;82569532.0;42737;128.0;77.0;781;163.0;12000.0;3000.0;2000.0;20348;5.4;Fair
935;936;112.0;0.0;USA;50000000.0;126975169.0;287822;849.0;539.0;37000;14000.0;1000.0;560.0;417.0;3388;7.1;Good
1835;1836;114.0;0.0;USA;28000000.0;25977365.0;87950;207.0;253.0;15000;71.0;14000.0;439.0;313.0;15428;6.5;Good
4111;4112;99.0;5.0;USA;;1007535.0;7625;54.0;152.0;0;89.0;962.0;476.0;322.0;2452;5.7;Fair
1000;1001;95.0;1.0;USA;50000000.0;27067160.0;18404;150.0;99.0;0;0.0;13000.0;559.0;323.0;14706;5.9;Fair
1893;1894;107.0;2.0;UK;2800000.0;;80958;310.0;154.0;7000;503.0;264.0;139.0;108.0;673;7.6;Good
4156;4157;102.0;3.0;USA;2800000.0;22202612.0;291875;533.0;213.0;14000;149.0;695.0;421.0;357.0;2509;8.1;Excellent
566;567;97.0;0.0;USA;73000000.0;107225164.0;27130;126.0;141.0;14000;6.0;22000.0;1000.0;415.0;24350;6.3;Good
2311;2312;116.0;2.0;USA;20000000.0;6002756.0;24997;75.0;116.0;13000;150.0;18000.0;1000.0;956.0;21200;7.2;Good
4624;4625;96.0;2.0;UK;1000000.0;;6513;41.0;40.0;968;0.0;335.0;334.0;177.0;1226;5.6;Fair
3446;3447;92.0;6.0;USA;8000000.0;10814185.0;37530;106.0;192.0;0;406.0;24000.0;15000.0;968.0;41867;6.2;Good
4640;4641;97.0;0.0;USA;3000000.0;;139;3.0;10.0;52;171.0;1000.0;171.0;76.0;1343;7.3;Good
717;718;116.0;0.0;USA;95000000.0;102678089.0;42705;274.0;113.0;885;165.0;577.0;501.0;475.0;2321;6.3;Good
2819;2820;101.0;0.0;USA;125000000.0;190871240.0;167089;491.0;348.0;62000;473.0;833.0;809.0;429.0;2690;5.9;Fair
3024;3025;109.0;1.0;USA;11500000.0;35537564.0;49671;166.0;158.0;11000;11.0;22000.0;851.0;411.0;24063;6.0;Fair
389;390;129.0;0.0;USA;20000000.0;37567440.0;113065;337.0;166.0;0;468.0;919.0;691.0;183.0;2024;6.9;Good
884;885;107.0;2.0;USA;55000000.0;16088610.0;10417;39.0;93.0;610;11.0;939.0;605.0;506.0;3742;5.6;Fair
1267;1268;93.0;0.0;USA;25000000.0;32055248.0;18723;146.0;70.0;0;85.0;924.0;595.0;510.0;2711;6.0;Fair
3229;3230;83.0;0.0;USA;6200000.0;126247.0;24958;103.0;17.0;321;3.0;16000.0;542.0;421.0;17469;3.3;Bad
1573;1574;113.0;2.0;UK;31500000.0;14268533.0;17319;100.0;130.0;0;34.0;10000.0;877.0;24.0;10910;6.3;Good
547;548;116.0;2.0;USA;75000000.0;45434443.0;175960;360.0;362.0;43000;0.0;15000.0;509.0;104.0;15735;7.3;Good
4717;4718;98.0;0.0;USA;600000.0;;719;9.0;8.0;128;5.0;587.0;448.0;233.0;1707;4.5;Fair
4726;4727;87.0;6.0;USA;;;1305;3.0;8.0;244;490.0;833.0;523.0;201.0;2295;5.4;Fair
3959;3960;96.0;1.0;USA;3950000.0;;3753;53.0;35.0;279;177.0;431.0;12.0;4.0;457;7.8;Good
3309;3310;84.0;0.0;USA;9000000.0;11860839.0;5156;21.0;67.0;0;64.0;2000.0;892.0;748.0;4617;5.4;Fair
974;975;129.0;1.0;USA;50000000.0;48265581.0;261069;506.0;157.0;25000;21000.0;495.0;294.0;283.0;1397;7.8;Good
4626;4627;90.0;2.0;Canada;1000000.0;;137;16.0;16.0;48;0.0;57.0;40.0;36.0;231;5.4;Fair
1001;1002;125.0;3.0;USA;40000000.0;26616999.0;92461;347.0;298.0;43000;487.0;430.0;329.0;201.0;1300;5.9;Fair
456;457;117.0;0.0;USA;80000000.0;104054514.0;200359;1009.0;226.0;0;0.0;15000.0;1000.0;818.0;16828;7.7;Good
4756;4757;91.0;2.0;USA;500000.0;12055.0;739;10.0;28.0;339;0.0;472.0;185.0;170.0;1047;6.5;Good
4948;4949;88.0;2.0;Canada;120000.0;;3262;46.0;8.0;377;686.0;847.0;686.0;405.0;2364;7.0;Good
2096;2097;83.0;0.0;USA;22000000.0;22264487.0;41239;166.0;98.0;887;2.0;591.0;489.0;137.0;1729;4.6;Fair
3812;3813;109.0;3.0;UK;5000000.0;;237;3.0;8.0;190;3.0;1000.0;266.0;126.0;1681;4.4;Fair
3256;3257;89.0;1.0;Canada;10000000.0;;3015;27.0;15.0;850;3.0;764.0;716.0;499.0;2876;6.5;Good
388;389;100.0;3.0;USA;120000000.0;56114221.0;110486;695.0;369.0;41000;128.0;596.0;360.0;78.0;1261;4.3;Fair
514;515;107.0;5.0;USA;76000000.0;127083765.0;191912;370.0;150.0;0;309.0;23000.0;787.0;771.0;25296;5.9;Fair
3767;3768;97.0;0.0;UK;5000000.0;5009677.0;260607;485.0;415.0;47000;0.0;18000.0;572.0;372.0;19404;7.9;Good
4631;4632;103.0;0.0;USA;;;4998;55.0;32.0;785;17.0;754.0;605.0;113.0;1567;7.1;Good
1936;1937;142.0;0.0;USA;25000000.0;28341469.0;1689764;4144.0;199.0;108000;0.0;11000.0;745.0;461.0;13495;9.3;Excellent
4135;4136;100.0;0.0;Italy;3000000.0;;118;1.0;2.0;32;3.0;1000.0;810.0;382.0;2890;5.1;Fair
1872;1873;129.0;0.0;USA;25000000.0;121945720.0;89972;126.0;48.0;0;81.0;970.0;854.0;164.0;2551;6.1;Good
2800;2801;86.0;1.0;USA;14000000.0;9402410.0;11233;32.0;77.0;0;90.0;962.0;925.0;635.0;3715;5.4;Fair
2953;2954;118.0;1.0;USA;9000000.0;18761993.0;19007;219.0;125.0;549;57.0;975.0;931.0;805.0;2944;6.9;Good
1359;1360;127.0;0.0;USA;38000000.0;41997790.0;125305;343.0;302.0;39000;123.0;14000.0;924.0;904.0;17551;6.4;Good
4600;4601;78.0;0.0;USA;1000000.0;10018.0;3228;31.0;71.0;244;0.0;262.0;163.0;61.0;509;6.1;Good
570;571;122.0;5.0;USA;73000000.0;148213377.0;130776;437.0;164.0;0;285.0;8000.0;1000.0;989.0;12410;6.6;Good
4783;4784;103.0;0.0;USA;500000.0;23000.0;5931;58.0;88.0;0;365.0;907.0;365.0;49.0;1411;6.2;Good
3317;3318;45.0;1.0;Denmark;45000000.0;145109.0;14247;44.0;80.0;0;28.0;573.0;197.0;104.0;1098;7.3;Good
318;319;94.0;0.0;USA;84000000.0;17010646.0;40751;239.0;78.0;881;6.0;490.0;294.0;227.0;1195;2.2;Bad
3514;3515;99.0;0.0;USA;7000000.0;1654367.0;18355;106.0;117.0;3000;60.0;4000.0;787.0;628.0;6526;6.4;Good
1294;1295;87.0;0.0;USA;40000000.0;20999103.0;139114;245.0;335.0;15000;0.0;13000.0;11000.0;563.0;24770;7.8;Good
4990;4991;47.0;0.0;USA;50000.0;;6261;99.0;60.0;0;2.0;19.0;9.0;5.0;43;7.3;Good
2281;2282;116.0;0.0;UK;20000000.0;12134420.0;92237;366.0;390.0;25000;198.0;17000.0;1000.0;884.0;20258;7.2;Good
3135;3136;123.0;1.0;USA;10000000.0;18272447.0;3119;35.0;14.0;331;5.0;556.0;475.0;338.0;2149;5.9;Fair
1791;1792;103.0;0.0;USA;28000000.0;28751715.0;202967;378.0;350.0;36000;65.0;17000.0;927.0;405.0;19168;6.6;Good
4498;4499;112.0;1.0;Brazil;4000000.0;375723.0;7025;26.0;111.0;0;9.0;61.0;9.0;4.0;76;7.9;Good
2705;2706;108.0;0.0;USA;16000000.0;9172810.0;24150;118.0;190.0;923;187.0;11000.0;883.0;254.0;12178;6.7;Good
1205;1206;139.0;1.0;USA;40000000.0;81292135.0;137891;696.0;203.0;0;333.0;22000.0;13000.0;1000.0;36810;7.3;Good
2223;2224;105.0;6.0;USA;20000000.0;25677801.0;41273;136.0;91.0;0;99.0;2000.0;938.0;518.0;4813;5.8;Fair
1717;1718;80.0;1.0;USA;;3101301.0;3926;38.0;41.0;353;9.0;17000.0;2000.0;826.0;21519;4.0;Bad
4529;4530;145.0;0.0;USA;960000.0;117235247.0;375240;542.0;141.0;0;80.0;13000.0;1000.0;794.0;16094;8.1;Excellent
4757;4758;87.0;6.0;USA;500000.0;1332.0;2038;20.0;29.0;898;38.0;552.0;533.0;445.0;2251;4.6;Fair
1042;1043;112.0;0.0;USA;48000000.0;95308367.0;206104;850.0;233.0;0;21000.0;17000.0;324.0;237.0;18141;6.8;Good
142;143;88.0;0.0;USA;150000000.0;21379315.0;17590;112.0;132.0;0;25.0;921.0;562.0;433.0;2652;5.4;Fair
4488;4489;104.0;0.0;USA;80000000.0;79363785.0;139426;698.0;276.0;0;301.0;18000.0;4000.0;71.0;22194;5.5;Fair
1503;1504;156.0;0.0;Libya;35000000.0;;9852;55.0;24.0;0;278.0;695.0;279.0;249.0;1573;8.4;Excellent
3201;3202;98.0;0.0;USA;10000000.0;1754319.0;13174;81.0;94.0;0;129.0;749.0;252.0;221.0;2214;7.2;Good
4006;4007;103.0;0.0;Norway;19900000.0;252652.0;54104;199.0;337.0;38000;12.0;29.0;4.0;4.0;44;7.0;Good
4592;4593;160.0;5.0;India;1500000.0;49000.0;1524;30.0;4.0;31;5.0;724.0;668.0;219.0;2024;4.8;Fair
4578;4579;100.0;0.0;USA;;750100.0;19752;61.0;117.0;0;71.0;11000.0;733.0;145.0;12234;6.3;Good
2429;2430;94.0;0.0;USA;18000000.0;17071230.0;31169;192.0;128.0;812;11000.0;11000.0;11000.0;975.0;23283;6.7;Good
